{"cameraMode":{"drawMode":0,"name":"Shaded","section":"Shading Mode"},"sceneLighting":false,"audioPlay":false,"sceneViewState":{"showFog":true,"showMaterialUpdate":false,"showSkybox":true,"showFlares":true,"showImageEffects":true,"showParticleSystems":true},"in2DMode":false,"pivot":{"x":-0.09578025341033936,"y":2.8458411693573,"z":-0.564160943031311},"rotation":{"x":-0.004455104004591703,"y":-0.7104166746139526,"z":0.0045006005093455318,"w":-0.703752875328064},"size":1.2065691947937012,"orthographic":false}