{"cameraMode":{"drawMode":0,"name":"Shaded","section":"Shading Mode"},"sceneLighting":true,"audioPlay":false,"sceneViewState":{"showFog":true,"showMaterialUpdate":false,"showSkybox":true,"showFlares":true,"showImageEffects":true,"showParticleSystems":true},"in2DMode":false,"pivot":{"x":-15.348882675170899,"y":-3.2382800579071047,"z":159.3375244140625},"rotation":{"x":0.0015205084346234799,"y":-0.9975292682647705,"z":0.022793564945459367,"w":0.06643525511026383},"size":158.1649627685547,"orthographic":false}