{"cameraMode":{"drawMode":0,"name":"Shaded","section":"Shading Mode"},"sceneLighting":false,"audioPlay":false,"sceneViewState":{"showFog":true,"showMaterialUpdate":false,"showSkybox":true,"showFlares":true,"showImageEffects":true,"showParticleSystems":true},"in2DMode":false,"pivot":{"x":0.6549878120422363,"y":2.9322495460510256,"z":6.521924018859863},"rotation":{"x":-0.004455104004591703,"y":-0.7104166746139526,"z":0.0045006005093455318,"w":-0.703752875328064},"size":2.2455930709838869,"orthographic":false}