{"cameraMode":{"drawMode":0,"name":"Shaded","section":"Shading Mode"},"sceneLighting":false,"audioPlay":false,"sceneViewState":{"showFog":true,"showMaterialUpdate":false,"showSkybox":true,"showFlares":true,"showImageEffects":true,"showParticleSystems":true},"in2DMode":false,"pivot":{"x":0.6527347564697266,"y":2.921060800552368,"z":11.761262893676758},"rotation":{"x":-0.004455104004591703,"y":-0.7104166746139526,"z":0.0045006005093455318,"w":-0.703752875328064},"size":1.8831357955932618,"orthographic":false}