{"cameraMode":{"drawMode":0,"name":"Shaded","section":"Shading Mode"},"sceneLighting":false,"audioPlay":false,"sceneViewState":{"showFog":true,"showMaterialUpdate":false,"showSkybox":true,"showFlares":true,"showImageEffects":true,"showParticleSystems":true},"in2DMode":false,"pivot":{"x":0.6479716300964356,"y":-0.1816692054271698,"z":0.47882676124572756},"rotation":{"x":-0.004455104004591703,"y":-0.7104166746139526,"z":0.0045006005093455318,"w":-0.703752875328064},"size":2.765815496444702,"orthographic":false}