{"cameraMode":{"drawMode":0,"name":"Shaded","section":"Shading Mode"},"sceneLighting":false,"audioPlay":false,"sceneViewState":{"showFog":true,"showMaterialUpdate":false,"showSkybox":true,"showFlares":true,"showImageEffects":true,"showParticleSystems":true},"in2DMode":false,"pivot":{"x":0.6477391719818115,"y":3.1313157081604006,"z":2.9937233924865724},"rotation":{"x":-0.004455104004591703,"y":-0.7104166746139526,"z":0.0045006005093455318,"w":-0.703752875328064},"size":2.294774055480957,"orthographic":false}